Rk,player,team,salary2015,salary2016,salary2017,salary2018,salary2019,salary2020,Signed Using,Guaranteed
1,Alexander Kaun,CLE,,,,,,,,
2,Jamaal Franklin,MEM,163296,163296,163296,163296,,,,653184
3,Miroslav Raduljica,LAC,300000,300000,300000,300000,,,,1200000
4,Gal Mekel,DAL,315760,315760,315760,,,,,947280
5,Maurice Ndour,DAL,525000,875000,1014750,,,,Cap Space,525000
6,Ryan Boatright,BRK,525090,874640,,,,,Minimum Salary,75000
7,Cristiano Felicio,CHI,525090,874600,,,,,,
8,Lamar Patterson,ATL,525093,874636,,,,,,
9,Terran Petteway,ATL,525093,874636,,,,,,
10,Malcolm Miller,BOS,525093,,,,,,Minimum Salary,25000
11,Levi Randolph,BOS,525093,,,,,,Minimum Salary,25000
12,Corey Walden,BOS,525093,874636,,,,,Minimum Salary,25000
13,Coty Clarke,BOS,525093,,,,,,,
14,Aaron Harrison,CHO,525093,874636,,,,,Minimum Salary,75000
15,Jarrid Famous,DAL,525093,878636,1014746,,,,,
16,Brandon Ashley,DAL,525093,874636,1014746,,,,Minimum Salary,50000
17,Salah Mejri,DAL,525093,874636,1014746,,,,Minimum Salary,525093
18,Jamil Wilson,DAL,525093,878636,1014746,,,,,
19,Darrun Hilliard,DET,525093,874060,1014750,,,,Cap space,1399153
20,Jarell Eddie,GSW,525093,,,,,,,
21,Christian Wood,HOU,525093,874636,,,,,,
22,Branden Dawson,LAC,525093,874636,,,,,Minimum Salary,525093
23,Robert Upshaw,LAL,525093,874636,,,,,,
24,Jonathan Holmes,LAL,525093,874636,,,,,,
25,Michael Frazier,LAL,525093,874636,,,,,Minimum Salary,50000
26,Josh Richardson,MIA,525093,874636,1014746,,,,Minimum Salary,525093
27,Wesley Saunders,NYK,525093,,,,,,Minimum Salary,75000
28,Melvin Ejim,ORL,525093,,,,,,,
29,Keith Appling,ORL,525093,874636,,,,,,
30,Scottie Wilbekin,PHI,525093,874636,1014746,1088038,,,,
31,T.J. McConnell,PHI,525093,874636,,,,,,
32,Terrico White,PHO,525093,,,,,,,
33,Deonte Burton,PHO,525093,,,,,,,
34,Cliff Alexander,POR,525093,874636,,,,,,
35,Luis Montero,POR,525093,874636,1014746,,,,,1399729
36,Pat Connaughton,POR,525093,874636,1014746,,,,,1399729
37,Duje Dukan,SAC,525093,874636,,,,,Minimum Salary,525093
38,Jonathon Simmons,SAS,525093,874636,,,,,Minimum Salary,525093
39,Ronald Roberts,TOR,525093,874636,,,,,,
40,Michale Kyser,TOR,525093,,,,,,,
41,Axel Toupane,TOR,525093,,,,,,,
42,Shannon Scott,TOR,525093,,,,,,,
43,Treveon Graham,UTA,525093,874636,1014746,,,,Minimum Salary,75000
44,Thanasis Antetokounmpo,NYK,543471,874636,,,,,,
45,Carlos Delfino,LAC,650000,650000,650000,650000,,,,2600000
46,Norman Powell,TOR,650000,874636,1014746,,,,Cap Space,1524636
47,Anthony Brown,LAL,700000,850000,1000000,,,,Cap Space,1550000
48,Pierre Jackson,PHI,750000,900000,1000000,1100000,,,Cap Space,750000
49,Glenn Robinson III,IND,845000,980000,1051000,,,,,845000
50,Markel Brown,BRK,845059,,,,,,,
51,Cameron Bairstow,CHI,845059,980431,,,,,Cap Space,425000
52,Joe Harris,CLE,845059,980439,,,,,Cap Space,845059
53,Dwight Powell,DAL,845059,,,,,,,
54,Erick Green,DEN,845059,980431,,,,,,
55,Nick Johnson,DEN,845059,980431,,,,,Cap Space,1825490
56,Spencer Dinwiddie,DET,845059,980431,,,,,Cap Space,845059
57,Adonis Thomas,DET,845059,980431,,,,,,
58,James Michael McAdoo,GSW,845059,,,,,,Minimum Salary,100000
59,Shayne Whittington,IND,845059,980431,,,,,Minimum Salary,845059
60,Jabari Brown,LAL,845059,,,,,,,
61,Tarik Black,LAL,845059,,,,,,,
62,Jordan Clarkson,LAL,845059,,,,,,,
63,JaMychal Green,MEM,845059,980431,,,,,Minimum Salary,1825490
64,Russ Smith,MEM,816482,816482,,,,,,
65,Jarnell Stokes,MEM,845059,980431,,,,,MLE,845059
66,Tyler Johnson,MIA,845059,,,,,,,
67,James Ennis,MIA,845059,980431,,,,,,
68,Keith Benson,MIA,845059,,,,,,,
69,Johnny O'Bryant,MIL,845059,980431,,,,,Cap Space,845059
70,Marcus Landry,MIL,845059,,,,,,,
71,Cleanthony Early,NYK,845059,,,,,,Minimum Salary,845059
72,Langston Galloway,NYK,845059,,,,,,,
73,Devyn Marble,ORL,845059,980431,,,,,,
74,Jerami Grant,PHI,845059,980431,1051245,,,,Draft Pick,845059
75,JaKarr Sampson,PHI,845059,980431,1051245,,,,,
76,Cory Jefferson,PHO,845059,,,,,,,
77,Tim Frazier,POR,845059,,,,,,,
78,David Stockton,SAC,845059,,,,,,,
79,Bryce Cotton,UTA,845059,,,,,,,
80,Jack Cooley,UTA,845059,,,,,,,
81,Elijah Millsap,UTA,845059,980431,,,,,,
82,Damien Inglis,MIL,855000,980431,,,,,Cap Space,855000
83,Wayne Ellington,SAC,923670,923670,,,,,,3347560
84,Jorge Gutierrez,MIL,947200,,,,,,,
85,Mike Muscala,ATL,947276,,,,,,,
86,Willie Reed,BRK,947276,,,,,,Minimum Salary,500000
87,Troy Daniels,CHO,947276,,,,,,Minimum Salary,947276
88,Jamaal Franklin,DEN,947276,1269620,,,,,MLE,653184
89,Chris Babb,GSW,947276,,,,,,,
90,Lorenzo Brown,MIN,947276,,,,,,,
91,Hollis Thompson,PHI,947276,1015696,,,,,,
92,Isaiah Canaan,PHI,947276,,,,,,Cap Space,757821
93,Phil Pressey,POR,947276,,,,,,,
94,Allen Crabbe,POR,947276,,,,,,,
95,Seth Curry,SAC,947276,1015696,,,,,Minimum Salary,947276
96,Ray McCallum,SAS,947276,,,,,,,
97,Jeff Withey,UTA,947276,1015696,,,,,,
98,Grant Jerrett,UTA,947276,1015696,1087745,,,,Non Bird Rights,947276
99,Toure' Murry,WAS,947276,,,,,,,
100,Dewayne Dedmon,ORL,947278,,,,,,,
101,Justin Holiday,ATL,947300,1015700,,,,,Minimum Salary,1963000
102,John Jenkins,DAL,981000,1051000,1179000,,,,Minimum Salary,981000
103,Thomas Robinson,BRK,981300,1050960,,,,,Minimum Salary,2032260
104,Quincy Miller,BRK,981348,,,,,,,
105,Elliot Williams,CHO,981348,1050961,,,,,,
106,Jared Cunningham,CLE,981348,,,,,,,
107,Pablo Prigioni,LAC,981348,,,,,,Minimum Salary,981348
108,Robert Sacre,LAL,981348,,,,,,,
109,Hassan Whiteside,MIA,981348,,,,,,Minimum Salary,981348
110,Henry Sims,PHO,981348,,,,,,,
111,Diante Garrett,POR,981348,,,,,,,
112,Quincy Acy,SAC,981348,1050961,,,,,Minimum Salary,981348
113,Chris Johnson,UTA,981348,1050961,,,,,,
114,Walter Tavares,ATL,1000000,1000000,1000000,,,,,2000000
115,Rakeem Christmas,IND,1000000,1100000,1100000,1100000,,,,2100000
116,Joseph Young,IND,1000000,1050000,1100000,1150000,,,Cap Space,2050000
117,Robert Covington,PHI,1000000,1015696,1087745,,,,,2015696
118,Raul Neto,UTA,1000000,1000000,1000000,,,,,2000000
119,Donald Sloan,BRK,1015421,,,,,,,
120,E'Twaun Moore,CHI,1015421,,,,,,,
121,Joey Dorsey,DEN,1015421,,,,,,,1015421
122,James Anderson,SAC,1015421,1139123,,,,,Minimum Salary,1015421
123,Jimmer Fredette,SAS,1015421,,,,,,,
124,Jon Leuer,PHO,1035000,,,,,,,
125,Richaun Holmes,PHI,1050000,1050000,1050000,1050000,,,Cap Space,2100000
126,Chris Copeland,MIL,1100000,,,,,,,1100000
127,Luke Babbitt,NOP,1100000,1227000,,,,,Minimum Salary,2327000
128,Cole Aldrich,LAC,1100600,1227290,,,,,Minimum Salary,1100600
129,Wesley Johnson,LAC,1100600,1227300,,,,,Minimum Salary,1100600
130,Jeremy Evans,DAL,1100602,1227286,,,,,Early Bird Rights,2327888
131,Jeff Adrien,NOP,1100602,,,,,,,
132,Garrett Temple,WAS,1100602,,,,,,Minimum Salary,1100602
133,Kevon Looney,GSW,1131960,1182840,1233840,2227081,,,1st Round pick,2314800
134,Chris McCullough,BRK,1140240,1191480,1242840,2243326,,,1st Round pick,2331720
135,Josh Huestis,OKC,1140240,1191480,1242840,2243326,,,,2331720
136,Kyle Anderson,SAS,1142879,1192080,2151704,,,,1st Round Pick,1142879
137,Matthew Dellavedova,CLE,1147280,,,,,,,1147280
138,R.J. Hunter,BOS,1148640,1200240,1251960,2259788,,,1st Round pick,2348880
139,Damjan Rudez,MIN,1149500,1199000,,,,,MLE,1149500
140,Larry Nance Jr.,LAL,1155600,1207680,1259640,2272391,,,1st Round pick,2363280
141,C.J. Wilcox,LAC,1159680,1209680,2183328,,,,1st Round Pick,1159680
142,Archie Goodwin,PHO,1160160,2094089,,,,,1st Round Pick,1160160
143,Rudy Gobert,UTA,1175880,2121288,,,,,1st Round Pick,1175880
144,Tyler Hansbrough,CHO,1185784,,,,,,Minimum Salary,1185784
145,Toney Douglas,IND,1185784,,,,,,,
146,Reggie Williams,SAS,1185784,,,,,,,
147,Marcus Thornton,HOU,1186000,,,,,,Minimum Salary,1186000
148,Jordan Mickey,BOS,1200000,1200000,1200000,1200000,,,,2400000
149,Boban Marjanovic,SAS,1200000,,,,,,Cap Space,1200000
150,P.J. Hairston,CHO,1201440,1253160,2259447,,,,1st Round Pick,1201440
151,Andre Roberson,OKC,1210800,2183072,,,,,1st Round Pick,1210800
152,Jarell Martin,MEM,1230840,1286160,1341600,2516222,,,1st Round pick,2517000
153,Clint Capela,HOU,1242720,1296240,2334520,,,,1st Round Pick,1242720
154,Reggie Bullock,DET,1252440,2255644,,,,,1st Round Pick,1252440
155,JaVale McGee,DAL,1270964,1403611,,,,,Bird Rights,250000
156,Cartier Martin,DET,1270964,,,,,,Minimum Salary,1270964
157,Brandon Rush,GSW,1270964,,,,,,Minimum Salary,1270964
158,Tyus Jones,MIN,1282080,1339680,1397400,2444053,,,1st Round pick,2621760
159,Shabazz Napier,ORL,1294440,1350120,2361360,,,,1st Round Pick,1294440
160,Nikola Jokic,DEN,1300000,1350000,1400000,1450000,,,,4050000
161,Tim Hardaway,ATL,1304520,2281605,,,,,,
162,Rondae Hollis-Jefferson,BRK,1335480,1395600,1455720,2470357,,,1st Round pick,2731080
163,Rodney Hood,UTA,1348440,1406520,2386864,,,,1st Round Pick,1348440
164,Gerald Green,MIA,1356000,,,,,,Minimum Salary,1356000
165,Aaron Gray,DET,1356146,,,,,,,
166,Sasha Vujacic,NYK,1356146,,,,,,Minimum Salary,1356146
167,Solomon Hill,IND,1358880,2306019,,,,,1st Round Pick,1358880
168,Andrea Bargnani,BRK,1362900,1551660,,,,,Minimum Salary,1362900
169,Alonzo Gee,NOP,1375000,1375000,,,,,,1375000
170,Bobby Portis,CHI,1391160,1453680,1516320,2494346,,,1st Round pick,2844840
171,Jordan Adams,MEM,1404600,1465080,2410057,,,,1st Round Pick,1404600
172,Mason Plumlee,POR,1415520,2328530,,,,,,
173,Justin Anderson,DAL,1449000,1514160,1579440,2516048,,,1st Round pick,2963160
174,Mitch McGary,OKC,1463040,1526040,2430981,,,,1st Round Pick,1463040
175,Gorgui Dieng,MIN,1474440,2348783,,,,,1st Round Pick,1474440
176,Richard Jefferson,CLE,1499000,,,,,,Minimum Salary,1499000
177,James Jones,CLE,1499000,,,,,,Minimum Salary,1499000
178,Josh Smith,LAC,1499000,,,,,,Minimum Salary,1499000
179,David West,SAS,1499000,1552000,,,,,Minimum Salary,1499000
180,Jason Richardson,ATL,1499187,,,,,,,
181,Charlie Villanueva,DAL,1499187,,,,,,Minimum Salary,1499187
182,Samuel Dalembert,DAL,1499187,,,,,,Minimum Salary,1499187
183,Jason Terry,HOU,1499187,,,,,,Minimum Salary,1499187
184,Chuck Hayes,LAC,1499187,,,,,,,
185,Amar'e Stoudemire,MIA,1499187,,,,,,Minimum Salary,1499187
186,Andre Miller,MIN,1499187,,,,,,Minimum Salary,1499187
187,Tayshaun Prince,MIN,1499187,,,,,,Minimum Salary,1499187
188,Ronnie Price,PHO,1499187,,,,,,Minimum Salary,1499187
189,Caron Butler,SAC,1499187,1551659,,,,,Minimum Salary,1499187
190,Matt Bonner,SAS,1499190,,,,,,Minimum Salary,1499190
191,Kendrick Perkins,NOP,1499200,,,,,,Minimum Salary,1499200
192,Wayne Ellington,BRK,1500000,1500000,,,,,Mini MLE,1500000
193,Shane Larkin,BRK,1500000,1500000,,,,,Mini MLE,3000000
194,Delon Wright,TOR,1509360,1577280,1645200,2536898,,,1st Round pick,3086640
195,Bruno Caboclo,TOR,1524000,1589640,2451225,,,,1st Round Pick,1524000
196,Tony Snell,CHI,1535880,2368327,,,,,1st Round Pick,1535880
197,Jerian Grant,NYK,1572360,1643040,1713840,2639314,,,1st Round pick,3215400
198,Gary Harris,DEN,1587480,1655880,2550055,,,,1st Round Pick,1587480
199,Sergey Karasev,BRK,1599840,2463754,,,,,1st Round Pick,4063594
200,Sam Dekker,HOU,1646400,1720560,1794600,2760095,,,1st Round pick,3366960
201,Lou Amundson,NYK,1650000,,,,,,,1650000
202,Lance Thomas,NYK,1650000,,,,,,Cap Space,1650000
203,Tyler Ennis,MIL,1662360,1733880,2666707,,,,1st Round Pick,1662360
204,Joffrey Lauvergne,DEN,1709720,1709720,2136475,,,,MLE,1709720
205,Ryan Kelly,LAL,1724250,,,,,,Room Exception,1724250
206,Rashad Vaughn,MIL,1733040,1811040,1889040,2901565,,,,3544080
207,James Young,BOS,1749840,1825200,2803507,,,,1st Round Pick,1749840
208,Dennis Schroder,ATL,1763400,2708582,,,,,1st Round Pick,1763400
209,Terry Rozier,BOS,1824360,1906440,1988520,3050390,,,1st round pick,3730800
210,Jusuf Nurkic,DEN,1842000,1921320,2947305,,,,1st Round Pick,1842000
211,Lucas Nogueira,TOR,1842000,1921320,2947305,,,,1st Round Pick,1842000
212,Kelly Oubre,WAS,1920240,2006640,2093040,3208630,,,1st round pick,3926880
213,Adreian Payne,MIN,1938840,2022240,3100094,,,,1st Round Pick,1938840
214,Giannis Antetokounmpo,MIL,1953960,2995421,,,,,1st Round Pick,1953960
215,Kent Bazemore,ATL,2000000,,,,,,,2000000
216,Aaron Brooks,CHI,2000000,,,,,,Mini MLE,2000000
217,DeJuan Blair,WAS,2000000,2000000,,,,,Bird Rights,2000000
218,Festus Ezeli,GSW,2008748,,,,,,1st Round Pick,2008748
219,Cameron Payne,OKC,2021520,2112480,2203440,3263295,,,1st round pick,4134000
220,Perry Jones,BOS,2038206,,,,,,1st Round Pick,2038206
221,T.J. Warren,PHO,2041080,2128920,3152931,,,,1st Round Pick,2041080
222,Zoran Dragic,BOS,2050397,,,,,,,2050397
223,Shabazz Muhammad,MIN,2056920,3046299,,,,,1st Round Pick,2056920
224,Jeremy Lin,CHO,2100000,2200000,,,,,BAE,4300000
225,Mo Williams,CLE,2100000,2200000,,,,,Mini MLE,2100000
226,Gary Neal,WAS,2100000,,,,,,BAE,2100000
227,Miles Plumlee,MIL,2109294,,,,,,1st Round Pick,2109294
228,Devin Booker,PHO,2127840,2223600,2319360,3314365,,,1st round pick,4351440
229,Zach LaVine,MIN,2148360,2240880,3202217,,,,1st Round Pick,2148360
230,Kelly Olynyk,BOS,2165160,3094014,,,,,1st Round Pick,2165160
231,Larry Sanders,MIL,2170000,2170000,2170000,2170000,2170000,,,15190000
232,Steve Blake,DET,2170465,,,,,,BAE,2170465
233,Danny Granger,DET,2170465,,,,,,BAE,2170465
234,Beno Udrih,MEM,2170465,,,,,,,
235,Ramon Sessions,WAS,2170465,,,,,,BAE,2170465
236,Tony Wroten,PHI,2179354,,,,,,1st Round Pick,2179354
237,Trey Lyles,UTA,2239800,2340600,2441400,3364249,,,1st round pick,4580400
238,Joe Ingles,UTA,2250000,2250000,,,,,Cap Space,4500000
239,Jared Sullinger,BOS,2269260,,,,,,1st Round Pick,2269260
240,Steven Adams,OKC,2279040,3140517,,,,,1st Round Pick,2279040
241,Donatas Motiejunas,HOU,2288205,,,,,,1st Round Pick,2288205
242,Evan Fournier,ORL,2288205,,,,,,1st Round Pick,2288205
243,Myles Turner,IND,2357760,2463840,2569920,3410284,,,1st round pick,4821600
244,Doug McDermott,CHI,2380440,2483040,3294994,,,,1st Round Pick,2380440
245,Andrew Nicholson,ORL,2380594,,,,,,1st Round Pick,2380594
246,Michael Carter-Williams,MIL,2399040,3183526,,,,,1st Round Pick,2399040
247,Shelvin Mack,ATL,2433333,2433334,,,,,Cap Space,2433333
248,Justise Winslow,MIA,2481720,2593440,2705040,3448926,,,1st round pick,5075160
249,Terrence Jones,HOU,2489530,,,,,,1st Round Pick,2489530
250,Joel Anthony,DET,2500000,2500000,,,,,Cap Space,2500000
251,Leandro Barbosa,GSW,2500000,,,,,,Mini MLE,2500000
252,James Johnson,TOR,2500000,,,,,,Cap Space,2500000
253,Elfrid Payton,ORL,2505720,2613600,3332340,,,,1st Round Pick,2505720
254,C.J. McCollum,POR,2525160,3219579,,,,,1st Round Pick,2525160
255,Frank Kaminsky,CHO,2612500,2730000,2847600,3627842,,,1st round pick,5342500
256,Tyler Zeller,BOS,2616975,,,,,,1st Round Pick,2616975
257,Noah Vonleh,POR,2637720,2751360,3505233,,,,1st Round Pick,2637720
258,Trey Burke,UTA,2658240,3386598,,,,,,
259,Kevin Seraphin,NYK,2800000,,,,,,Room Exception,2800000
260,Sonny Weems,PHO,2800000,2900000,,,,,Room Exception,5700000
261,Darrell Arthur,DEN,2814000,2940630,,,,,Room Exception,2814000
262,Manu Ginobili,SAS,2814000,2940630,,,,,Room Exception,2814000
263,Stanley Johnson,DET,2841960,2969880,3097800,3940402,,,1st round pick,5811840
264,Brian Roberts,CHO,2854940,,,,,,Room Exception,2854940
265,Udonis Haslem,MIA,2854940,,,,,,,
266,Mike Miller,POR,2854940,,,,,,Room Exception,2854940
267,Nik Stauskas,PHI,2869440,2993040,3807146,,,,1st Round Pick,2869440
268,Kirk Hinrich,CHI,2870000,,,,,,Room Exception,2870000
269,Kentavious Caldwell-Pope,DET,2891760,3678319,,,,,1st Round Pick,2891760
270,Maurice Harkless,POR,2894059,,,,,,1st Round Pick,2894059
271,John Henson,MIL,2943221,,,,,,1st Round Pick,2943221
272,Anthony Tolliver,DET,3000000,,,,,,Cap Space,400000
273,Brandon Bass,LAL,3000000,3000000,,,,,Cap Space,6000000
274,Jerryd Bayless,MIL,3000000,,,,,,Cap Space,3000000
275,Dante Cunningham,NOP,3000000,3000000,3000000,,,,MLE,6000000
276,D.J. Augustin,OKC,3000000,,,,,,,3000000
277,Furkan Aldemir,PHI,3000000,3000000,3000000,,,,Minimum Salary,3000000
278,Omri Casspi,SAC,3000000,3000000,,,,,Room Exception,6000000
279,Luis Scola,TOR,3000000,,,,,,,3000000
280,Bismack Biyombo,TOR,3000000,3000000,,,,,Mini MLE,6000000
281,Tibor Pleiss,UTA,3000000,3000000,3000000,,,,Cap Space,6000000
282,Jeremy Lamb,CHO,3034356,,,,,,1st Round Pick,3034356
283,Meyers Leonard,POR,3075880,,,,,,1st Round Pick,3075880
284,Austin Rivers,LAC,3100000,3300000,,,,,Non Bird Rights,3100000
285,Emmanuel Mudiay,DEN,3102240,3241800,3381480,4294480,,,1st round pick,6344040
286,Julius Randle,LAL,3132240,3267120,4149242,,,,1st Round Pick,3132240
287,Ben McLemore,SAC,3156600,4008882,,,,,1st Round Pick,3156600
288,Randy Foye,DEN,3270000,,,,,,Non Bird Rights,3270000
289,Andre Drummond,DET,3272091,,,,,,1st Round Pick,3272091
290,Drew Gooden,WAS,3300000,3600000,,,,,Non Bird Rights,3300000
291,Mike Scott,ATL,3333333,3333334,,,,,,3333333
292,Will Barton,DEN,3333333,3666666,3999999,,,,Bird Rights,10999998
293,K.J. McDaniels,HOU,3333333,3333333,3333334,,,,Mid-level exception,10000000
294,Anthony Morrow,OKC,3344000,3488000,,,,,Cap Space,3344000
295,Quincy Pondexter,NOP,3382023,3617978,3853931,,,,1st Round Pick,10853932
296,Willie Cauley-Stein,SAC,3398280,3551160,3704160,4696875,,,1st round pick,6949440
297,Paul Pierce,LAC,3400000,3500000,3700000,,,,Mini MLE,10600000
298,Evan Turner,BOS,3425510,,,,,,MLE,3425510
299,Bojan Bogdanovic,BRK,3425510,3573020,,,,,MLE,6998530
300,Marcus Smart,BOS,3431040,3578880,4538020,,,,1st Round Pick,3431040
301,Nerlens Noel,PHI,3457800,4384490,,,,,1st Round Pick,3457800
302,Matt Barnes,MEM,3542500,,,,,,,
303,Terrence Ross,TOR,3553917,,,,,,1st Round Pick,3553917
304,Patrick Mills,SAS,3578947,3578948,,,,,Bird Rights,7157895
305,Lavoy Allen,IND,3700000,4000000,4300000,,,,,7700000
306,Mario Hezonja,ORL,3741480,3909840,4078320,5167231,,,1st round pick,7651320
307,Kyle O'Quinn,NYK,3750000,3900000,4100000,4250000,,,Bird Rights,11750000
308,Steve Novak,OKC,3750000,,,,,,Early Bird,3750000
309,Nick Collison,OKC,3750000,3750000,,,,,Bird Rights,7500000
310,Dante Exum,UTA,3777720,3940320,4992385,,,,1st Round Pick,3777720
311,Alex Len,PHO,3807120,4823621,,,,,1st Round Pick,3807120
312,Marreese Speights,GSW,3815000,,,,,,MLE,3815000
313,Harrison Barnes,GSW,3873398,,,,,,1st Round Pick,3873398
314,Raymond Felton,DAL,3950313,,,,,,Cap Space,3950313
315,Thabo Sefolosha,ATL,4000000,3850000,,,,,,7850000
316,J.J. Barea,DAL,4000000,4000000,4000000,4000000,,,Cap Space,16000000
317,Ian Mahinmi,IND,4000000,,,,,,Early Bird Rights,4000000
318,Jordan Hill,IND,4000000,,,,,,Cap Space,4000000
319,Nemanja Bjelica,MIN,4000000,4000000,4000000,,,,MLE,12000000
320,Alan Anderson,WAS,4000000,,,,,,MLE,4000000
321,Devin Harris,DAL,4053000,4228000,4403000,,,,Cap Space,12684000
322,Vince Carter,MEM,4088091,4264057,,,,,,6088091
323,Kristaps Porzingis,NYK,4131720,4317720,4503600,5697054,,,1st round pick,8449440
324,Aaron Gordon,ORL,4171680,4351320,5504420,,,,1st Round Pick,4171680
325,Cody Zeller,CHO,4204200,5318313,,,,,1st Round Pick,4204200
326,Damian Lillard,POR,4236287,21000000,22500000,24000000,25500000,,1st Round Pick,124236287
327,Jared Dudley,WAS,4250000,,,,,,Bird Rights,4250000
328,Mario Chalmers,MIA,4300000,,,,,,Bird Rights,4300000
329,Alexis Ajinca,NOP,4300000,4600000,4900000,5300000,,,Early Bird Rights,19100000
330,Jason Smith,ORL,4300000,,,,,,Cap Space,4300000
331,C.J. Miles,IND,4394225,4583450,4772675,,,,MLE,8977675
332,Mike Dunleavy,CHI,4500000,4800000,5100000,,,,Early Bird Rights,14400000
333,Jameer Nelson,DEN,4500000,4500000,4500000,,,,Cap Space,13500000
334,Jahlil Okafor,PHI,4582680,4788840,4995120,6313832,,,1st round pick,9371520
335,Kostas Papanikolaou,DEN,4600000,,,,,,MLE,4600000
336,Kris Humphries,WAS,4600000,4600000,,,,,Bird Rights,9200000
337,Joel Embiid,PHI,4626960,4826160,6100266,,,,1st Round Pick,4626960
338,Jonas Valanciunas,TOR,4660482,,,,,,1st Round Pick,4660482
339,Otto Porter,WAS,4662960,5893981,,,,,1st Round Pick,4662960
340,Trevor Booker,UTA,4775000,,,,,,Cap Space,4775000
341,Derrick Williams,NYK,4900000,5100000,,,,,Cap Space,4900000
342,Timofey Mozgov,CLE,4950000,,,,,,Bird Rights,4950000
343,Jonas Jerebko,BOS,5000000,5000000,,,,,Bird Rights,10000000
344,J.R. Smith,CLE,5000000,5000000,,,,,Minimum Salary,5000000
345,Marcus Morris,DET,5000000,5000000,5000000,5000000,,,Bird Rights,20000000
346,Chase Budinger,IND,5000000,,,,,,Bird Rights,5000000
347,Chris Andersen,MIA,5000000,,,,,,Cap Space,5000000
348,Kyle Singler,OKC,5000000,5000000,5000000,5000000,5000000,,Bird Rights,20000000
349,C.J. Watson,ORL,5000000,5000000,5000000,,,,Cap Space,11000000
350,Chris Kaman,POR,5000000,,,,,,MLE,1000000
351,Tim Duncan,SAS,5000000,5500000,,,,,Bird Rights,5000000
352,Darren Collison,SAC,5013559,5229454,,,,,MLE,10243013
353,D'Angelo Russell,LAL,5103120,5332800,5562360,7019698,,,1st round pick,10435920
354,Dion Waiters,OKC,5138430,,,,,,,
355,Jabari Parker,MIL,5152440,5374320,6782392,,,,1st Round Pick,5152440
356,Tony Allen,MEM,5168539,5505618,,,,,Bird Rights,10674157
357,Victor Oladipo,ORL,5192520,6552960,,,,,1st Round Pick,5192520
358,Zaza Pachulia,DAL,5200000,,,,,,Cap Space,5200000
359,Nick Young,LAL,5219169,5443918,5668667,,,,Cap Space,16331754
360,Josh Smith,DET,5400000,5400000,5400000,5400000,5400000,,,27000000
361,Deron Williams,BRK,5500000,5500000,5500000,5500000,5500000,,,27500000
362,Deron Williams,DAL,5500000,5500000,,,,,Cap Space,5500000
363,Brandan Wright,MEM,5500000,5700000,6000000,,,,MLE,17200000
364,Mirza Teletovic,PHO,5500000,,,,,,Cap Space,5500000
365,P.J. Tucker,PHO,5500000,5300000,,,,,Cap Space,7000000
366,Nikola Mirotic,CHI,5543725,5782450,,,,,Cap Space,11326175
367,Spencer Hawes,CHO,5543725,5782450,6021175,,,,MLE,11326175
368,Shaun Livingston,GSW,5543725,5782450,,,,,MLE,8543725
369,Josh McRoberts,MIA,5543725,5782450,6021175,,,,MLE,11326175
370,J.J. Hickson,DEN,5613500,,,,,,MLE,5613500
371,Martell Webster,WAS,5613500,5845250,,,,,MLE,5613500
372,Jamal Crawford,LAC,5675000,,,,,,MLE,1500000
373,Courtney Lee,MEM,5675000,,,,,,Bird Rights,5675000
374,Bradley Beal,WAS,5694674,,,,,,1st Round Pick,5694674
375,Karl-Anthony Towns,MIN,5703600,5960160,6216840,7839435,,,1st round pick,11663760
376,Kyle Korver,ATL,5746479,5239437,,,,,Bird Rights,10985916
377,Andrew Wiggins,MIN,5758680,6006600,7574322,,,,1st Round Pick,5758680
378,Anthony Bennett,MIN,5803560,7318289,,,,,1st Round Pick,5803560
379,Jae Crowder,BOS,6000000,6500000,7000000,7500000,8000000,,Bird Rights,35000000
380,Gerald Henderson,POR,6000000,,,,,,Bird Rights,6000000
381,Patrick Patterson,TOR,6268675,6050000,,,,,Bird Rights,12318675
382,Jodie Meeks,DET,6270000,6540000,,,,,Cap Space,12810000
383,Jarrett Jack,BRK,6300000,6300000,,,,,Cap Space,6800000
384,Michael Kidd-Gilchrist,CHO,6331404,,,,,,1st Round Pick,6331404
385,Marco Belinelli,SAC,6333333,6333333,6333333,,,,Cap Space,18999999
386,Jason Thompson,GSW,6431250,6825000,,,,,Bird Rights,9081250
387,Aron Baynes,DET,6500000,6500000,6500000,,,,Cap Space,13000000
388,Patrick Beverley,HOU,6500000,6000000,5500000,5000000,,,Bird Rights,18000000
389,Rodney Stuckey,IND,6500000,7000000,7500000,,,,Cap Space,13500000
390,Carl Landry,PHI,6500000,6500000,,,,,Cap Space,13000000
391,Greivis Vasquez,MIL,6600000,,,,,,Bird Rights,6600000
392,J.J. Redick,LAC,6867000,7150500,,,,,Bird Rights,14017500
393,Isaiah Thomas,BOS,6912869,6587132,6261395,,,,,19761396
394,Marvin Williams,CHO,7000000,,,,,,,7000000
395,Lou Williams,LAL,7000000,7000000,7000000,,,,Cap Space,21000000
396,Ed Davis,POR,7000000,7000000,7000000,,,,Cap Space,21000000
397,Boris Diaw,SAS,7000000,6500000,7000000,,,,Bird Rights,10000000
398,Cory Joseph,TOR,7000000,7330000,7660000,8000000,,,Cap Space,21990000
399,Anthony Davis,NOP,7070730,21000000,22500000,24000000,25000000,,1st Round Pick,126570730
400,Kevin Martin,MIN,7085000,7377500,,,,,Bird Rights,7085000
401,Jose Calderon,NYK,7402812,7708427,,,,,Cap Space,15111239
402,Pau Gasol,CHI,7448760,7769520,,,,,Cap Space,7448760
403,Al-Farouq Aminu,POR,7500000,7500000,7500000,7500000,,,Cap Space,30000000
404,Kosta Koufos,SAC,7500000,8000000,8500000,9000000,,,Cap Space,24000000
405,Avery Bradley,BOS,7730337,8269663,8808989,,,,Bird Rights,24808989
406,Channing Frye,ORL,7807579,7456238,,,,,Cap Space,15263817
407,Ersan Ilyasova,DET,7900000,8400000,,,,,Bird Rights,8300000
408,Jeff Teague,ATL,8000000,8000000,,,,,Bird Rights,16000000
409,George Hill,IND,8000000,8000000,,,,,Bird Rights,16000000
410,O.J. Mayo,MIL,8000000,,,,,,Cap Space,8000000
411,Arron Afflalo,NYK,8000000,8000000,,,,,Cap Space,8000000
412,Markieff Morris,PHO,8000000,8000000,8000000,8000000,,,Bird Rights,32000000
413,Trevor Ariza,HOU,8193030,7806971,7420912,,,,Bird Rights,23420913
414,Corey Brewer,HOU,8200000,7600000,7600000,,,,Cap Space,23400000
415,Dirk Nowitzki,DAL,8333334,8692184,,,,,Cap Space,8333334
416,Brandon Jennings,DET,8344497,,,,,,Bird Rights,8344497
417,Tiago Splitter,ATL,8500000,8250000,,,,,Bird Rights,16750000
418,Taj Gibson,CHI,8500000,8950000,,,,,Bird Rights,17450000
419,Kevin Garnett,MIN,8500000,8000000,,,,,Bird Rights,16500000
420,Ryan Anderson,NOP,8500000,,,,,,Bird Rights,8500000
421,Iman Shumpert,CLE,9000000,9700000,10300000,11000000,,,Bird Rights,40000000
422,Lance Stephenson,LAC,9000000,9400000,,,,,Cap Space,9000000
423,Jeff Green,MEM,9200000,,,,,,Bird Rights,9200000
424,Alec Burks,UTA,9213484,9904495,10595506,11286515,,,1st Round Pick,41000000
425,Rajon Rondo,SAC,9500000,,,,,,,9500000
426,DeMar DeRozan,TOR,9500000,9500000,,,,,Bird Rights,9500000
427,Mike Conley,MEM,9588426,,,,,,Cap Space,9388426
428,Anderson Varejao,CLE,9638554,10361446,10000000,,,,Bird Rights,19000000
429,Zach Randolph,MEM,9638555,10361445,,,,,Bird Rights,20000000
430,Danny Green,SAS,10000000,10000000,10000000,10000000,,,Bird Rights,30000000
431,Gerald Wallace,PHI,10105855,,,,,,Bird Rights,10105855
432,Luol Deng,MIA,10151612,,,,,,Cap Space,10151612
433,Monta Ellis,IND,10300000,10770000,11230000,11700000,,,Cap Space,32300000
434,Wilson Chandler,DEN,10500000,11200000,12000000,12800000,,,,46500000
435,Jrue Holiday,NOP,10595507,11286518,,,,,Bird Rights,21882025
436,Omer Asik,NOP,11000000,11000000,11000000,11000000,14000000,,Bird Rights,44000000
437,Thaddeus Young,BRK,11200000,12100000,12900000,13800000,,,Bird Rights,36200000
438,Marcin Gortat,WAS,11217391,12000000,12782609,13565218,,,Bird Rights,49565218
439,Tyreke Evans,NOP,11227000,11690500,,,,,Bird Rights,22917500
440,Kenneth Faried,DEN,11235955,12078652,12921348,13764045,,,1st Round Pick,50000000
441,Nikola Vucevic,ORL,11250000,11750000,12250000,12750000,,,Bird Rights,48000000
442,Stephen Curry,GSW,11370786,12112359,,,,,Bird Rights,23483145
443,Andre Iguodala,GSW,11710456,11131368,,,,,Bird Rights,22841824
444,Derrick Favors,UTA,11933333,10983333,11933333,,,,1st Round Pick,34300000
445,Al Horford,ATL,12000000,,,,,,Bird Rights,12000000
446,Amir Johnson,BOS,12000000,12000000,,,,,Cap Space,24000000
447,Kemba Walker,CHO,12000000,12000000,12000000,12000000,,,1st Round Pick,48000000
448,Andrew Bogut,GSW,12000000,11027027,,,,,Bird Rights,23027027
449,JaVale McGee,PHI,12000000,,,,,,,12000000
450,Brandon Knight,PHO,12000000,13000000,14000000,15000000,16000000,,,70000000
451,Kyle Lowry,TOR,12000000,12000000,12000000,,,,Bird Rights,24000000
452,Nikola Pekovic,MIN,12100000,12100000,11600000,,,,Bird Rights,35800000
453,Nicolas Batum,CHO,12235750,,,,,,Bird Rights,11860750
454,Serge Ibaka,OKC,12350000,12350000,,,,,Bird Rights,24500000
455,Ricky Rubio,MIN,12365000,13292375,14219750,15147125,,,1st Round Pick,55024250
456,Rudy Gay,SAC,12403101,13333333,14263566,,,,Bird Rights,25736434
457,Ty Lawson,HOU,12404495,13213482,,,,,Bird Rights,12404495
458,Robin Lopez,NYK,13000000,13500000,14000000,14500000,,,Cap Space,55000000
459,Tyson Chandler,PHO,13000000,13000000,13000000,13000000,,,Cap Space,52000000
460,Nene Hilario,WAS,13000000,,,,,,Bird Rights,13000000
461,Eric Bledsoe,PHO,13086957,14000001,14913045,15826089,,,Bird Rights,57826092
462,Joakim Noah,CHI,13400000,,,,,,Bird Rights,13400000
463,Tony Parker,SAS,13437500,14445313,15453126,,,,Bird Rights,43335939
464,DeMarre Carroll,TOR,13500000,14000000,15000000,15500000,,,Cap Space,58000000
465,Al Jefferson,CHO,13833333,,,,,,Cap Space,13833333
466,Danilo Gallinari,DEN,14000000,15500000,16000000,,,,,29500000
467,Reggie Jackson,DET,14000000,15000000,16000000,17000000,18000000,,Bird Rights,80000000
468,Draymond Green,GSW,14300000,15300000,16400000,17500000,18500000,,Bird Rights,82000000
469,DeMarcus Cousins,SAC,14728844,15756438,16784031,,,,1st Round Pick,47269313
470,Kyrie Irving,CLE,14746000,15851950,16957900,18063850,19169800,,Early Bird Rights,65619700
471,Goran Dragic,MIA,14780000,15890000,17000000,18110000,19220000,,Bird Rights,65780000
472,Khris Middleton,MIL,15000000,15000000,14000000,13000000,13000000,,Bird Rights,57000000
473,Jimmy Butler,CHI,15260000,16400000,17545000,18690000,19840000,,Bird Rights,67895000
474,Chandler Parsons,DAL,15361500,16023000,,,,,Cap Space,15361500
475,Gordon Hayward,UTA,15409570,16073140,16736710,,,,Bird Rights,31482710
476,David Lee,BOS,15493680,,,,,,Bird Rights,15493680
477,Klay Thompson,GSW,15500000,16662500,17825500,18987500,,,1st Round Pick,68975500
478,Roy Hibbert,LAL,15500000,,,,,,Bird Rights,15500000
479,Eric Gordon,NOP,15514031,,,,,,Bird Rights,15514031
480,James Harden,HOU,15756438,16784031,17811625,,,,Bird Rights,41446282
481,John Wall,WAS,15851950,16957900,18063850,19169800,,,1st Round Pick,70043500
482,Tobias Harris,ORL,16000000,17000000,16000000,15000000,,,Bird Rights,64000000
483,Wesley Matthews,DAL,16400000,17100000,17900000,18600000,,,Cap Space,70000000
484,Greg Monroe,MIL,16400000,17100000,17900000,,,,Cap Space,33500000
485,Enes Kanter,OKC,16400000,17100000,17900000,18600000,,,Bird Rights,51400000
486,Kawhi Leonard,SAS,16500000,17500000,19000000,20000000,21000000,,Bird Rights,73000000
487,Russell Westbrook,OKC,16744218,17769374,,,,,Bird Rights,34513592
488,Paul George,IND,17120106,18314532,19508958,20703384,,,1st Round Pick,54943596
489,Blake Griffin,LAC,18907725,20140838,21373950,,,,Bird Rights,60422513
490,Paul Millsap,ATL,19000000,20000000,21000000,,,,Bird Rights,39000000
491,Kevin Love,CLE,19500000,21500000,22500000,24000000,25500000,,Bird Rights,113000000
492,DeAndre Jordan,LAC,19500000,21500000,22500000,24000000,,,Bird Rights,63500000
493,LaMarcus Aldridge,SAS,19500000,20500000,21500000,22500000,,,Cap Space,61500000
494,Marc Gasol,MEM,19700000,21200000,22600000,24100000,25600000,,Bird Rights,87600000
495,Brook Lopez,BRK,20000000,21000000,22000000,,,,Bird Rights,63000000
496,Dwyane Wade,MIA,20000000,,,,,,Bird Rights,20000000
497,Derrick Rose,CHI,20093063,21323250,,,,,Bird Rights,41416313
498,Kevin Durant,OKC,20158622,,,,,,Bird Rights,20158622
499,Chris Paul,LAC,21468696,22868828,24268960,,,,Bird Rights,44337524
500,Chris Bosh,MIA,22192730,23741060,25289390,26837720,,,Bird Rights,98060900
501,Dwight Howard,HOU,22359364,23282457,,,,,Cap Space,22359364
502,Carmelo Anthony,NYK,22875000,24559380,26243760,27928140,,,Bird Rights,73678140
503,LeBron James,CLE,22971000,24004000,,,,,Cap Space,22971000
504,Joe Johnson,BRK,24894863,,,,,,Bird Rights,24894863
505,Kobe Bryant,LAL,25000000,,,,,,Bird Rights,25000000
